--INSERT
USE RamenShopBDDK

--Insert data into every table
INSERT INTO RsCustomer
VALUES	('CU001','Kadek Bayu','1999-07-20','Male','Sudirman Street','083457892112'),
	('CU002','Kenny Ongko','2000-08-11','Male','Alam Sutera Street','083456789123'),
	('CU003','Dirk Alvaro','2004-01-04','Male','Sunter Street','089663545782'),
	('CU004','Devin Liestian','2000-07-05','Male','Graha Street','087732112990'),
	('CU005','Gabriella Lala','2003-09-01','Female','Asyari Street','081212344567'),
	('CU006','Patrice Stephannie','2001-11-25','Female','Cokroaminoto Street','087781239876'),
	('CU007','Jessica Sarah','1999-03-22','Female','Boulevard Street','085655667854'),
	('CU008','Bambang Pamoengkas','1998-07-07','Male','Antasari Street','081234567899'),
	('CU009','Michelle Huangie','1999-06-03','Female','Buaya Street','081377886655'),
	('CU010','Andi Mamat','2002-08-30','Male','Pakuan Street','081288123497'),
	('CU011','Jasmine Tee','2001-10-02','Female','Jeruk Street','081734681321'),
	('CU012','Arigato Rey','2004-03-12','Male','Pasar Lama Street','081294127826'),
	('CU013','Kim Jennie','2003-05-24','Female','Pasar Baru Street','089573214563')

INSERT INTO RsRamen
VALUES	('RA001','Miso Ramen',66000),
	('RA002','Tonkutsu Ramen',67000),
	('RA003','Shoyu Ramen',65000),		
	('RA004','Yakisoba Ramen',78000),
	('RA005','Somen Ramen',63000),
	('RA006','Tokyo Ramen',77000),
	('RA007','Kyoto Ramen',69000),
	('RA008','Shirataki Ramen',62000),
	('RA009','Kobe Ramen',80000),
	('RA010','Hakodate Ramen',72000),
	('RA011','Shio Ramen',64000)

INSERT INTO RsIngredient
VALUES	('RI001','Mie Ramen',50),
	('RI002','Pork',60),
	('RI003','Chicken',60),
	('RI004','Egg',40),
	('RI005','Nori',20),
	('RI006','Leek',15),
	('RI007','Garlic',80),
	('RI008','White Pepper',30),
	('RI009','Soy Sauce',20),
	('RI010','Oil',10),
	('RI011','Salt',25),
	('RI012','Broth',350)

INSERT INTO RecipeDetail
VALUES	('RA001','RI001',1),
	('RA001','RI004',3),
	('RA001','RI005',2),		
	('RA001','RI008',1),
	('RA001','RI009',1),
	('RA002','RI001',1),
	('RA002','RI002',3),
	('RA002','RI004',1),
	('RA002','RI006',4),
	('RA002','RI007',2),
	('RA003','RI001',1),
	('RA003','RI002',3),
	('RA003','RI004',1),
	('RA003','RI009',1),
	('RA003','RI011',3),
	('RA004','RI001',1),
	('RA004','RI003',4),
	('RA004','RI004',2),
	('RA004','RI005',2),
	('RA004','RI006',5),
	('RA004','RI007',2),
	('RA005','RI001',1),
	('RA005','RI002',3),
	('RA005','RI004',1),
	('RA005','RI010',1),
	('RA005','RI012',3),
	('RA006','RI001',1),
	('RA006','RI003',3),
	('RA006','RI004',1),
	('RA006','RI010',1),
	('RA006','RI012',3),
	('RA007','RI001',1),
	('RA007','RI002',4),
	('RA007','RI004',1),
	('RA007','RI005',2),
	('RA007','RI007',2),
	('RA008','RI001',1),
	('RA008','RI004',2),
	('RA008','RI005',3),
	('RA008','RI008',2),
	('RA008','RI009',2),
	('RA008','RI010',2),
	('RA009','RI001',2),
	('RA009','RI002',3),
	('RA009','RI004',2),
	('RA009','RI006',2),
	('RA009','RI011',2),
	('RA010','RI001',1),
	('RA010','RI003',5),
	('RA010','RI005',3),
	('RA010','RI009',1),
	('RA010','RI010',1),
	('RA011','RI001',1),
	('RA011','RI003',4),
	('RA011','RI005',2),
	('RA011','RI007',1),
	('RA011','RI011',2),
	('RA011','RI012',1)

INSERT INTO RsStaff
VALUES	('ST001','Angelina Polie','1997-07-08','Female','Mangga Street','081311875432','2700000'),
	('ST002','Reinaldi Freddy','1986-04-27','Male','Durian Street','087867895421','2600000'),
	('ST003','Sarah Saraswati','1988-02-27','Female','Bajoan Street','089672116754','1800000'),
	('ST004','Shelly Kay','1998-01-11','Female','Anggur Street','083412897654','1550000'),
	('ST005','Roberto Hans','1985-12-26','Male','Joger Street','085683289321','1700000'),
	('ST006','Boba Tika','1986-09-11','Female','Binomo Street','081978654321','1800000'),
	('ST007','Pricillia Effendi','1987-08-23','Female','Bonjor Street','081294765324','2200000'),
	('ST008','Wahyudi Frans','1994-06-14','Male','Waro Street','081234348765','2100000'),
	('ST009','Maria Steffie','1985-07-20','Female','Omini Street','081212345678','2000000'),
	('ST010','Jessica Benko','1997-07-19','Female','Serigala Street','083438528321','1900000'),
	('ST011','Sebastian Kendrick','1998-03-21','Male','Harimau Street','087891299216','2200000')

INSERT INTO SalesTransaction
VALUES	('SL001','ST001','CU001','2015-03-12'),
	('SL002','ST004','CU002','2015-03-12'),
	('SL003','ST001','CU012','2016-03-13'),
	('SL004','ST010','CU013','2016-03-14'),
	('SL005','ST009','CU004','2016-03-14'),
	('SL006','ST002','CU005','2016-03-15'),
	('SL007','ST005','CU006','2017-03-15'),
	('SL008','ST008','CU007','2017-03-16'),
	('SL009','ST004','CU008','2017-03-16'),
	('SL010','ST006','CU009','2017-03-16'),
	('SL011','ST007','CU003','2018-03-17'),
	('SL012','ST002','CU010','2018-03-17'),
	('SL013','ST005','CU011','2018-03-18'),
	('SL014','ST009','CU012','2018-03-18'),
	('SL015','ST002','CU003','2019-03-19'),
	('SL016','ST008','CU006','2019-03-19'),
	('SL017','ST007','CU010','2019-03-20'),
	('SL018','ST003','CU002','2019-03-20'),
	('SL019','ST004','CU004','2019-03-21'),
	('SL020','ST011','CU012','2019-03-21')

INSERT INTO SalesTransactionDetail
VALUES	('SL001','RA001',2),
	('SL001','RA007',1),
	('SL002','RA001',8),
	('SL003','RA004',8),
	('SL004','RA007',4),
	('SL005','RA011',4),
	('SL006','RA003',2),
	('SL007','RA005',1),
	('SL008','RA002',7),
	('SL008','RA007',5),
	('SL009','RA006',1),
	('SL010','RA004',2),
	('SL011','RA010',3),
	('SL012','RA008',5),
	('SL013','RA009',2),
	('SL014','RA001',4),
	('SL014','RA010',3),
	('SL014','RA008',1),
	('SL015','RA002',6),
	('SL016','RA004',5),
	('SL017','RA007',2),
	('SL018','RA008',3),
	('SL019','RA002',9),
	('SL020','RA010',7),
	('SL020','RA004',2)

INSERT INTO RsSupplier
VALUES	('SP001','HanggaWangsa Company','Sudirman Street','081456524788'),
	('SP002','Kusaku Supply','Goblinary Street','089781432560'),
	('SP003','HidekiTojo SuppS','TokyoSans Street','085621672134'),
	('SP004','Logi Logi','AmericanStand Street','089000667789'),
	('SP005','Wings Food','Sayap Street','081282317823'),
	('SP006','Omana Marrackoama','Bango Street','081784539284'),
	('SP007','Steve Parkerriot','Labuan Street','085393483823'),
	('SP008','Purwo Kamto','Pohon Street','082383429568'),
	('SP009','David Gill','Manchester Street','081287651290'),
	('SP010','Laurensia Tiffany','Popo Street','083284728112')

INSERT INTO PurchaseTransaction
VALUES	('PU001','ST005','SP008','2016-08-30'),
	('PU002','ST007','SP009','2016-11-26'),
	('PU003','ST010','SP006','2017-02-24'),
	('PU004','ST008','SP009','2017-04-18'),
	('PU005','ST001','SP010','2017-08-19'),
	('PU006','ST002','SP002','2017-09-04'),
	('PU007','ST011','SP004','2017-12-09'),
	('PU008','ST009','SP008','2018-01-16'),
	('PU009','ST003','SP005','2018-03-21'),
	('PU010','ST004','SP007','2018-05-14'),
	('PU011','ST006','SP004','2018-05-21'),
	('PU012','ST008','SP006','2018-08-08'),
	('PU013','ST001','SP001','2018-10-20'),
	('PU014','ST006','SP006','2018-11-10'),
	('PU015','ST009','SP003','2018-11-25'),
	('PU016','ST005','SP010','2019-02-07'),
	('PU017','ST006','SP006','2019-03-01'),
	('PU018','ST003','SP005','2019-03-17'),
	('PU019','ST002','SP003','2019-07-06'),
	('PU020','ST006','SP009','2019-07-20')

INSERT INTO PurchaseTransactionDetail
VALUES ('PU001','RI001',20),
	('PU002','RI003',27),
	('PU003','RI012',10),
	('PU003','RI006',1),
	('PU004','RI009',12),
	('PU005','RI002',7),
	('PU006','RI004',5),
	('PU007','RI011',14),
	('PU007','RI001',4),
	('PU007','RI008',10),
	('PU008','RI005',9),
	('PU009','RI010',21),
	('PU010','RI007',17),
	('PU011','RI006',8),
	('PU012','RI008',10),
	('PU013','RI003',11),
	('PU013','RI007',9),
	('PU014','RI012',7),
	('PU015','RI002',18),
	('PU015','RI006',11),
	('PU016','RI005',9),
	('PU017','RI007',23),
	('PU018','RI010',22),
	('PU019','RI004',13),
	('PU020','RI001',16)